0,flores
1,flores
2,flores
3,flores
4,flores
5,flores
6,flores
7,flores
8,flores
9,flores
10,flores
11,flores
12,flores
13,flores
14,flores
15,flores
16,flores
17,flores
18,flores
19,flores
20,flores
21,flores
22,flores
23,flores
24,flores
25,flores
26,flores
27,flores
28,flores
29,flores
30,flores
31,flores
32,flores
33,flores
34,flores
35,flores
36,flores
37,flores
38,flores
39,flores
40,flores
41,flores
42,flores
43,flores
44,flores
45,flores
46,flores
47,flores
48,flores
49,flores
50,flores
51,flores
52,flores
53,flores
54,flores
55,flores
56,flores
57,flores
58,flores
59,flores
60,flores
61,flores
62,flores
63,flores
64,flores
65,flores
66,flores
67,flores
68,flores
69,flores
70,flores
71,flores
72,flores
73,flores
74,flores
75,flores
76,flores
77,flores
78,flores
79,flores
80,flores
81,flores
82,flores
83,flores
84,flores
85,flores
86,flores
87,flores
88,flores
89,flores
90,flores
91,flores
92,flores
93,flores
94,flores
95,flores
96,flores
97,flores
98,flores
99,flores
100,flores
101,flores
102,flores
103,flores
104,flores
105,flores
106,flores
107,flores
108,flores
109,flores
110,flores
111,flores
112,flores
113,flores
114,flores
115,flores
116,flores
117,flores
118,flores
119,flores
120,flores
121,flores
122,flores
123,flores
124,flores
125,flores
126,flores
127,flores
128,flores
129,flores
130,flores
131,flores
132,flores
133,flores
134,flores
135,flores
136,flores
137,flores
138,flores
139,flores
140,flores
141,flores
142,flores
143,flores
144,flores
145,flores
146,flores
147,flores
148,flores
149,flores
150,flores
151,flores
152,flores
153,flores
154,flores
155,flores
156,flores
157,flores
158,flores
159,flores
160,flores
161,flores
162,flores
163,flores
164,flores
165,flores
166,flores
167,flores
168,flores
169,flores
170,flores
171,flores
172,flores
173,flores
174,flores
175,flores
176,flores
177,flores
178,flores
179,flores
180,flores
181,flores
182,flores
183,flores
184,flores
185,flores
186,flores
187,flores
188,flores
189,flores
190,flores
191,flores
192,flores
193,flores
194,flores
195,flores
196,flores
197,flores
198,flores
199,flores
200,flores
201,flores
202,flores
203,flores
204,flores
205,flores
206,flores
207,flores
208,flores
209,flores
210,flores
211,flores
212,flores
213,flores
214,flores
215,flores
216,flores
217,java
218,java
219,java
220,java
221,java
222,java
223,java
224,java
225,java
226,java
227,java
228,java
229,java
230,java
231,java
232,java
233,java
234,java
235,java
236,java
237,java
238,java
239,java
240,java
241,java
242,java
243,java
244,java
245,java
246,java
247,java
248,java
249,java
250,java
251,java
252,java
253,java
254,java
255,java
256,java
257,java
258,java
259,java
260,java
261,java
262,java
263,java
264,java
265,java
266,java
267,java
268,java
269,java
270,java
271,java
272,java
273,java
274,java
275,java
276,java
277,java
278,java
279,java
280,java
281,java
282,java
283,java
284,java
285,java
286,java
287,java
288,java
289,java
290,java
291,java
292,java
293,java
294,java
295,java
296,java
297,java
298,java
299,java
300,java
301,java
302,java
303,java
304,java
305,java
306,java
307,java
308,java
309,java
310,java
311,java
312,java
313,java
314,java
315,java
316,java
317,java
318,java
319,java
320,java
321,java
322,java
323,java
324,java
325,java
326,java
327,java
328,java
329,java
330,java
331,java
332,java
333,java
334,java
335,java
336,java
337,java
338,java
339,java
340,java
341,java
342,java
343,java
344,java
345,java
346,java
347,java
348,java
349,java
350,java
351,java
352,java
353,java
354,java
355,java
356,java
357,java
358,java
359,java
360,java
361,java
362,java
363,java
364,java
365,java
366,java
367,java
368,java
369,java
370,java
371,java
372,java
373,java
374,java
375,java
376,java
377,java
378,java
379,java
380,java
381,java
382,java
383,java
384,java
385,java
386,java
387,java
388,java
389,java
390,java
391,java
392,java
393,java
394,java
395,java
396,java
397,java
398,java
399,java
400,java
401,java
402,java
403,java
404,java
405,java
406,java
407,java
408,java
409,java
410,java
411,java
412,java
413,java
414,java
415,java
416,java
417,java
418,java
419,java
420,java
421,java
422,java
423,java
424,java
425,java
426,java
427,java
428,java
429,java
430,java
431,java
432,java
433,java
434,java
435,java
436,java
437,java
438,java
439,java
440,java
441,java
442,java
443,java
444,java
445,java
446,java
447,java
448,java
449,java
450,java
451,java
452,java
453,java
454,java
455,java
456,java
457,java
458,java
459,java
460,java
461,java
462,java
463,java
464,java
465,java
466,java
467,java
468,java
469,java
470,java
471,java
472,java
473,java
474,java
475,java
476,java
477,java
478,java
479,java
480,java
481,java
482,java
483,java
484,java
485,java
486,java
487,java
488,java
489,java
490,java
491,java
492,java
493,java
494,java
495,java
496,java
497,java
498,java
499,java
500,java
501,java
502,java
503,java
504,java
505,java
506,java
507,java
508,java
509,java
510,java
511,java
512,java
513,java
514,java
515,java
516,java
517,java
518,java
519,java
520,java
521,java
522,java
523,java
524,java
525,java
526,java
527,java
528,java
529,java
530,java
531,java
532,java
533,java
534,java
535,java
536,java
537,java
538,java
539,java
540,java
541,java
542,java
543,java
544,java
545,java
546,java
547,java
548,java
549,java
550,java
551,java
552,java
553,java
554,java
555,java
556,java
557,java
558,java
559,java
560,java
561,java
562,java
563,java
564,java
565,java
566,java
567,java
568,java
569,java
570,java
571,java
572,java
573,java
574,java
575,java
576,java
